<?xml version="1.0" encoding="UTF-8"?>
<project-private xmlns="http://www.netbeans.org/ns/project-private/1">
    <editor-bookmarks xmlns="http://www.netbeans.org/ns/editor-bookmarks/2" lastBookmarkId="0"/>
    <open-files xmlns="http://www.netbeans.org/ns/projectui-open-files/2">
        <group name="proyecto_slave">
            <file>file:/C:/Users/nuevo/MPLABXProjects/PROYECTOMAESTRO.X/MASTER.c</file>
            <file>file:/C:/Users/nuevo/MPLABXProjects/PROYECTOMAESTRO.X/LCD.c</file>
            <file>file:/C:/Users/nuevo/MPLABXProjects/PROYECTOMAESTRO.X/LCD.h</file>
        </group>
    </open-files>
</project-private>
